{"node_labels": ["Coal Plants", "Natural Gas_Pipeline", "OCGT", "Solar PV", "Imported Coal", "Bioethanol", "Regasification", "CCGT", "Crude Oil", "Wind Offshore", "Fuel Oil Plant", "Forestry Waste", "Industry", "Wind", "Fuel Oil", "Nuclear", "Solid Waste", "Transportation", "Biomass Plant", "Kerosene", "LPG", "Thermosolar", "Electricity", "Natural Gas", "Biofuel Production Plants", "Hydro", "CHP", "Nuclear Plant", "Refinery", "Agriculture Waste", "Solar", "Wind Onshore", "Residential and Commercial", "Biofuels", "Biogas", "Other Oil Products", "Biomass", "Pumping Storage", "Biodiesel", "LNG", "Hydroelectric Generation", "Diesel", "Energy Crops", "Coal", "Gasoline"], "node_colors": ["rgba(0,255,0,0.8)", "rgba(255,0,0,0.8)", "rgba(0,255,0,0.8)", "rgba(0,255,0,0.8)", "rgba(255,0,0,0.8)", "rgba(255,0,0,0.8)", "rgba(0,255,0,0.8)", "rgba(0,255,0,0.8)", "rgba(255,0,0,0.8)", "rgba(0,255,0,0.8)", "rgba(0,255,0,0.8)", "rgba(255,0,0,0.8)", "rgba(0,255,0,0.8)", "rgba(255,0,0,0.8)", "rgba(255,0,0,0.8)", "rgba(255,0,0,0.8)", "rgba(255,0,0,0.8)", "rgba(0,255,0,0.8)", "rgba(0,255,0,0.8)", "rgba(255,0,0,0.8)", "rgba(255,0,0,0.8)", "rgba(0,255,0,0.8)", "rgba(255,0,0,0.8)", "rgba(255,0,0,0.8)", "rgba(0,255,0,0.8)", "rgba(255,0,0,0.8)", "rgba(0,255,0,0.8)", "rgba(0,255,0,0.8)", "rgba(0,255,0,0.8)", "rgba(255,0,0,0.8)", "rgba(255,0,0,0.8)", "rgba(0,255,0,0.8)", "rgba(0,255,0,0.8)", "rgba(255,0,0,0.8)", "rgba(255,0,0,0.8)", "rgba(255,0,0,0.8)", "rgba(255,0,0,0.8)", "rgba(0,255,0,0.8)", "rgba(255,0,0,0.8)", "rgba(255,0,0,0.8)", "rgba(0,255,0,0.8)", "rgba(255,0,0,0.8)", "rgba(255,0,0,0.8)", "rgba(255,0,0,0.8)", "rgba(255,0,0,0.8)"], "link_sources": [29, 33, 34, 8, 42, 11, 25, 4, 39, 15, 30, 30, 16, 13, 13, 24, 24, 28, 18, 0, 40, 27, 3, 21, 9, 31, 28, 28, 28, 28, 6, 28, 23, 36, 23, 14, 23, 7, 10, 2, 22, 37, 38, 5, 36, 36, 43, 41, 41, 22, 22, 22, 14, 14, 44, 19, 20, 20, 20, 23, 23, 23, 29, 42, 11, 4, 1], "link_targets": [18, 24, 28, 28, 18, 18, 40, 0, 6, 27, 3, 21, 18, 9, 31, 38, 5, 41, 22, 22, 22, 22, 22, 22, 22, 22, 14, 44, 19, 20, 23, 35, 7, 26, 26, 10, 2, 22, 22, 22, 37, 22, 17, 17, 12, 32, 12, 32, 17, 12, 32, 17, 12, 17, 17, 17, 12, 32, 17, 12, 32, 17, 36, 36, 36, 43, 23], "link_values": [0.0, 0.0, 0.0, 144528.1770363331, 0.0, 0.0, 0.0, 0.0, 235229.63075967017, 0.0, 74743.99380081319, 0.0, 0.0, 0.0, 83784.11083454815, 0.0, 0.0, 72885.28701617855, 0.0, 0.0, 0.0, 0.0, 74743.99380081319, 0.0, 0.0, 83784.11083454815, 13441.120464378979, 28042.411953460716, 12607.527120559354, 7337.772942737535, 232877.33445207347, 97.08514647463998, 52249.98334356904, 0.0, 0.0, 0.0, 2203.7387915802155, 30304.99033927004, 0.0, 991.682456211097, 7791.265240325054, 5453.885668227538, 0.0, 0.0, 19810.191250883905, 7465.3717557044, 63327.846569377856, 0.0, 72885.28701617855, 22194.82535637639, 130488.43209292207, 15276.274099539502, 1997.544079989718, 0.0, 27892.953476685903, 12469.700426116977, 542.7615137755344, 3481.165456722133, 0.0, 24472.358552260062, 176757.9618566756, 91073.29190798855, 10686.422404924562, 1697.1406016637416, 14892.0, 63327.846569377856, 113880.0], "link_colors": ["rgba(0,0,96,0.2)", "rgba(0,0,96,0.2)", "rgba(0,0,96,0.2)", "rgba(0,0,96,0.2)", "rgba(0,0,96,0.2)", "rgba(0,0,96,0.2)", "rgba(0,0,96,0.2)", "rgba(0,0,96,0.2)", "rgba(0,0,96,0.2)", "rgba(0,0,96,0.2)", "rgba(0,0,96,0.2)", "rgba(0,0,96,0.2)", "rgba(0,0,96,0.2)", "rgba(0,0,96,0.2)", "rgba(0,0,96,0.2)", "rgba(0,0,96,0.2)", "rgba(0,0,96,0.2)", "rgba(0,0,96,0.2)", "rgba(0,0,96,0.2)", "rgba(0,0,96,0.2)", "rgba(0,0,96,0.2)", "rgba(0,0,96,0.2)", "rgba(0,0,96,0.2)", "rgba(0,0,96,0.2)", "rgba(0,0,96,0.2)", "rgba(0,0,96,0.2)", "rgba(0,0,96,0.2)", "rgba(0,0,96,0.2)", "rgba(0,0,96,0.2)", "rgba(0,0,96,0.2)", "rgba(0,0,96,0.2)", "rgba(0,0,96,0.2)", "rgba(0,0,96,0.2)", "rgba(0,0,96,0.2)", "rgba(0,0,96,0.2)", "rgba(0,0,96,0.2)", "rgba(0,0,96,0.2)", "rgba(0,0,96,0.2)", "rgba(0,0,96,0.2)", "rgba(0,0,96,0.2)", "rgba(0,0,96,0.2)", "rgba(0,0,96,0.2)", "rgba(0,0,96,0.2)", "rgba(0,0,96,0.2)", "rgba(0,0,96,0.2)", "rgba(0,0,96,0.2)", "rgba(0,0,96,0.2)", "rgba(0,0,96,0.2)", "rgba(0,0,96,0.2)", "rgba(0,0,96,0.2)", "rgba(0,0,96,0.2)", "rgba(0,0,96,0.2)", "rgba(0,0,96,0.2)", "rgba(0,0,96,0.2)", "rgba(0,0,96,0.2)", "rgba(0,0,96,0.2)", "rgba(0,0,96,0.2)", "rgba(0,0,96,0.2)", "rgba(0,0,96,0.2)", "rgba(0,0,96,0.2)", "rgba(0,0,96,0.2)", "rgba(0,0,96,0.2)", "rgba(0,0,96,0.2)", "rgba(0,0,96,0.2)", "rgba(0,0,96,0.2)", "rgba(0,0,96,0.2)", "rgba(0,0,96,0.2)"], "link_labels": ["", "", "", "", "", "", "", "", "", "", "", "", "", "", "", "", "", "", "", "", "", "", "", "", "", "", "", "", "", "", "", "", "", "", "", "", "", "", "", "", "", "", "", "", "", "", "", "", "", "", "", "", "", "", "", "", "", "", "", "", "", "", "", "", "", "", ""]}