{"node_labels": ["Wind", "Forestry Waste", "Hydro", "Solid Waste", "Electricity", "Agriculture Waste", "LPG", "Hydroelectric Generation", "Wind Onshore", "Thermosolar", "Solar", "Coal Plants", "Biofuel Production Plants", "Transportation", "Wind Offshore", "Residential and Commercial", "Coal", "Energy Crops", "Biomass Plant", "Other Oil Products", "Imported Coal", "LNG", "Diesel", "Bioethanol", "Biofuels", "Natural Gas", "Regasification", "Fuel Oil Plant", "Pumping Storage", "Crude Oil", "Solar PV", "Gasoline", "Refinery", "OCGT", "Fuel Oil", "Kerosene", "Biodiesel", "NG Pipeline", "Nuclear", "CCGT", "Industry", "Biogas", "Biomass", "Nuclear Plant", "CHP"], "node_colors": ["rgba(255,0,0,0.8)", "rgba(255,0,0,0.8)", "rgba(255,0,0,0.8)", "rgba(255,0,0,0.8)", "rgba(255,0,0,0.8)", "rgba(255,0,0,0.8)", "rgba(255,0,0,0.8)", "rgba(0,255,0,0.8)", "rgba(0,255,0,0.8)", "rgba(0,255,0,0.8)", "rgba(255,0,0,0.8)", "rgba(0,255,0,0.8)", "rgba(0,255,0,0.8)", "rgba(0,255,0,0.8)", "rgba(0,255,0,0.8)", "rgba(0,255,0,0.8)", "rgba(255,0,0,0.8)", "rgba(255,0,0,0.8)", "rgba(0,255,0,0.8)", "rgba(255,0,0,0.8)", "rgba(255,0,0,0.8)", "rgba(255,0,0,0.8)", "rgba(255,0,0,0.8)", "rgba(255,0,0,0.8)", "rgba(255,0,0,0.8)", "rgba(255,0,0,0.8)", "rgba(0,255,0,0.8)", "rgba(0,255,0,0.8)", "rgba(0,255,0,0.8)", "rgba(255,0,0,0.8)", "rgba(0,255,0,0.8)", "rgba(255,0,0,0.8)", "rgba(0,255,0,0.8)", "rgba(0,255,0,0.8)", "rgba(255,0,0,0.8)", "rgba(255,0,0,0.8)", "rgba(255,0,0,0.8)", "rgba(255,0,0,0.8)", "rgba(255,0,0,0.8)", "rgba(0,255,0,0.8)", "rgba(0,255,0,0.8)", "rgba(255,0,0,0.8)", "rgba(255,0,0,0.8)", "rgba(0,255,0,0.8)", "rgba(0,255,0,0.8)"], "link_sources": [5, 24, 41, 29, 17, 1, 2, 20, 21, 38, 10, 10, 3, 0, 0, 12, 12, 32, 18, 11, 7, 43, 30, 9, 14, 8, 32, 32, 32, 32, 26, 32, 25, 42, 25, 34, 25, 39, 27, 33, 4, 28, 36, 23, 42, 42, 16, 22, 22, 4, 4, 4, 34, 34, 31, 35, 6, 6, 6, 25, 25, 25, 5, 17, 1, 20, 37], "link_targets": [18, 12, 32, 32, 18, 18, 7, 11, 26, 43, 30, 9, 18, 14, 8, 36, 23, 22, 4, 4, 4, 4, 4, 4, 4, 4, 34, 31, 35, 6, 25, 19, 39, 44, 44, 27, 33, 4, 4, 4, 28, 4, 13, 13, 40, 15, 40, 15, 13, 40, 15, 13, 40, 13, 13, 13, 40, 15, 13, 40, 15, 13, 42, 42, 42, 16, 25], "link_values": [0.0, 0.0, 0.0, 144004.461570407, 0.0, 0.0, 0.0, 0.0, 192009.23439194294, 0.0, 86803.62564637933, 0.0, 0.0, 0.0, 105156.77945205382, 0.0, 0.0, 72885.28701617855, 0.0, 0.0, 0.0, 0.0, 86803.62564637933, 0.0, 0.0, 105156.77945205382, 13392.41492604785, 31206.50090792788, 12478.089467177735, 3961.8569431464757, 190089.14204802352, 0.0, 49164.856155806236, 0.0, 0.0, 0.0, 436.2380220988673, 28515.616570367612, 0.0, 196.30710994449024, 7980.886081518454, 5586.6202570629175, 0.0, 0.0, 20073.30027996251, 7395.104426350822, 63064.737540299255, 0.0, 72885.28701617855, 22194.82535637639, 156516.4486478621, 16940.894046470392, 1997.544079989718, 0.0, 26232.647967051227, 12469.700426116977, 542.7615137755344, 3419.0954293709415, 0.0, 24472.358552260062, 136860.65311029443, 92371.8251336341, 10857.48149090496, 1718.9232154083725, 14892.0, 63064.737540299255, 113216.78892607018], "link_colors": ["rgba(0,0,96,0.2)", "rgba(0,0,96,0.2)", "rgba(0,0,96,0.2)", "rgba(0,0,96,0.2)", "rgba(0,0,96,0.2)", "rgba(0,0,96,0.2)", "rgba(0,0,96,0.2)", "rgba(0,0,96,0.2)", "rgba(0,0,96,0.2)", "rgba(0,0,96,0.2)", "rgba(0,0,96,0.2)", "rgba(0,0,96,0.2)", "rgba(0,0,96,0.2)", "rgba(0,0,96,0.2)", "rgba(0,0,96,0.2)", "rgba(0,0,96,0.2)", "rgba(0,0,96,0.2)", "rgba(0,0,96,0.2)", "rgba(0,0,96,0.2)", "rgba(0,0,96,0.2)", "rgba(0,0,96,0.2)", "rgba(0,0,96,0.2)", "rgba(0,0,96,0.2)", "rgba(0,0,96,0.2)", "rgba(0,0,96,0.2)", "rgba(0,0,96,0.2)", "rgba(0,0,96,0.2)", "rgba(0,0,96,0.2)", "rgba(0,0,96,0.2)", "rgba(0,0,96,0.2)", "rgba(0,0,96,0.2)", "rgba(0,0,96,0.2)", "rgba(0,0,96,0.2)", "rgba(0,0,96,0.2)", "rgba(0,0,96,0.2)", "rgba(0,0,96,0.2)", "rgba(0,0,96,0.2)", "rgba(0,0,96,0.2)", "rgba(0,0,96,0.2)", "rgba(0,0,96,0.2)", "rgba(0,0,96,0.2)", "rgba(0,0,96,0.2)", "rgba(0,0,96,0.2)", "rgba(0,0,96,0.2)", "rgba(0,0,96,0.2)", "rgba(0,0,96,0.2)", "rgba(0,0,96,0.2)", "rgba(0,0,96,0.2)", "rgba(0,0,96,0.2)", "rgba(0,0,96,0.2)", "rgba(0,0,96,0.2)", "rgba(0,0,96,0.2)", "rgba(0,0,96,0.2)", "rgba(0,0,96,0.2)", "rgba(0,0,96,0.2)", "rgba(0,0,96,0.2)", "rgba(0,0,96,0.2)", "rgba(0,0,96,0.2)", "rgba(0,0,96,0.2)", "rgba(0,0,96,0.2)", "rgba(0,0,96,0.2)", "rgba(0,0,96,0.2)", "rgba(0,0,96,0.2)", "rgba(0,0,96,0.2)", "rgba(0,0,96,0.2)", "rgba(0,0,96,0.2)", "rgba(0,0,96,0.2)"], "link_labels": ["", "", "", "", "", "", "", "", "", "", "", "", "", "", "", "", "", "", "", "", "", "", "", "", "", "", "", "", "", "", "", "", "", "", "", "", "", "", "", "", "", "", "", "", "", "", "", "", "", "", "", "", "", "", "", "", "", "", "", "", "", "", "", "", "", "", ""]}