{"node_labels": ["Coal Plants", "Natural Gas", "Wind Onshore", "Refinery", "Hydro", "Nuclear Plant", "Kerosene", "Regasification", "OCGT", "Diesel", "Bioethanol", "Fuel Oil", "Agriculture Waste", "Crude Oil", "Other Oil Products", "Biofuel Production Plants", "Gasoline", "Thermosolar", "Electricity", "Coal", "Wind", "Wind Offshore", "CHP", "LPG", "Pumping Storage", "Biomass", "Transportation", "Residential and Commercial", "Forestry Waste", "Hydroelectric Generation", "Energy Crops", "Solar PV", "CCGT", "Natural Gas_Pipeline", "Solar", "LNG", "Industry", "Biogas", "Biofuels", "Biodiesel", "Nuclear", "Imported Coal", "Solid Waste", "Biomass Plant", "Fuel Oil Plant"], "node_colors": ["rgba(0,255,0,0.8)", "rgba(255,0,0,0.8)", "rgba(0,255,0,0.8)", "rgba(0,255,0,0.8)", "rgba(255,0,0,0.8)", "rgba(0,255,0,0.8)", "rgba(255,0,0,0.8)", "rgba(0,255,0,0.8)", "rgba(0,255,0,0.8)", "rgba(255,0,0,0.8)", "rgba(255,0,0,0.8)", "rgba(255,0,0,0.8)", "rgba(255,0,0,0.8)", "rgba(255,0,0,0.8)", "rgba(255,0,0,0.8)", "rgba(0,255,0,0.8)", "rgba(255,0,0,0.8)", "rgba(0,255,0,0.8)", "rgba(255,0,0,0.8)", "rgba(255,0,0,0.8)", "rgba(255,0,0,0.8)", "rgba(0,255,0,0.8)", "rgba(0,255,0,0.8)", "rgba(255,0,0,0.8)", "rgba(0,255,0,0.8)", "rgba(255,0,0,0.8)", "rgba(0,255,0,0.8)", "rgba(0,255,0,0.8)", "rgba(255,0,0,0.8)", "rgba(0,255,0,0.8)", "rgba(255,0,0,0.8)", "rgba(0,255,0,0.8)", "rgba(0,255,0,0.8)", "rgba(255,0,0,0.8)", "rgba(255,0,0,0.8)", "rgba(255,0,0,0.8)", "rgba(0,255,0,0.8)", "rgba(255,0,0,0.8)", "rgba(255,0,0,0.8)", "rgba(255,0,0,0.8)", "rgba(255,0,0,0.8)", "rgba(255,0,0,0.8)", "rgba(255,0,0,0.8)", "rgba(0,255,0,0.8)", "rgba(0,255,0,0.8)"], "link_sources": [12, 38, 37, 13, 30, 28, 4, 41, 35, 40, 34, 34, 42, 20, 20, 15, 15, 3, 43, 0, 29, 5, 31, 17, 21, 2, 3, 3, 3, 3, 7, 3, 1, 25, 1, 11, 1, 32, 44, 8, 18, 24, 39, 10, 25, 25, 19, 9, 9, 18, 18, 18, 11, 11, 16, 6, 23, 23, 23, 1, 1, 1, 12, 30, 28, 41, 33], "link_targets": [43, 15, 3, 3, 43, 43, 29, 0, 7, 5, 31, 17, 43, 21, 2, 39, 10, 9, 18, 18, 18, 18, 18, 18, 18, 18, 11, 16, 6, 23, 1, 14, 32, 22, 22, 44, 8, 18, 18, 18, 24, 18, 26, 26, 36, 27, 36, 27, 26, 36, 27, 26, 36, 26, 26, 26, 36, 27, 26, 36, 27, 26, 25, 25, 25, 19, 1], "link_values": [0.0, 0.0, 0.0, 144528.1770363331, 0.0, 0.0, 0.0, 0.0, 235229.63075967017, 0.0, 74743.99380081319, 0.0, 0.0, 0.0, 83784.11083454815, 0.0, 0.0, 72885.28701617855, 0.0, 0.0, 0.0, 0.0, 74743.99380081319, 0.0, 0.0, 83784.11083454815, 13441.120464378979, 28042.411953460716, 12607.527120559354, 7337.772942737535, 232877.33445207347, 97.08514647463998, 52249.98334356904, 0.0, 0.0, 0.0, 2203.7387915802155, 30304.99033927004, 0.0, 991.682456211097, 7791.265240325054, 5453.885668227538, 0.0, 0.0, 19810.191250883905, 7465.3717557044, 63327.846569377856, 0.0, 72885.28701617855, 22194.82535637639, 130488.43209292207, 15276.274099539502, 1997.544079989718, 0.0, 27892.953476685903, 12469.700426116977, 542.7615137755344, 3481.165456722133, 0.0, 24472.358552260062, 176757.9618566756, 91073.29190798855, 10686.422404924562, 1697.1406016637416, 14892.0, 63327.846569377856, 113880.0], "link_colors": ["rgba(0,0,96,0.2)", "rgba(0,0,96,0.2)", "rgba(0,0,96,0.2)", "rgba(0,0,96,0.2)", "rgba(0,0,96,0.2)", "rgba(0,0,96,0.2)", "rgba(0,0,96,0.2)", "rgba(0,0,96,0.2)", "rgba(0,0,96,0.2)", "rgba(0,0,96,0.2)", "rgba(0,0,96,0.2)", "rgba(0,0,96,0.2)", "rgba(0,0,96,0.2)", "rgba(0,0,96,0.2)", "rgba(0,0,96,0.2)", "rgba(0,0,96,0.2)", "rgba(0,0,96,0.2)", "rgba(0,0,96,0.2)", "rgba(0,0,96,0.2)", "rgba(0,0,96,0.2)", "rgba(0,0,96,0.2)", "rgba(0,0,96,0.2)", "rgba(0,0,96,0.2)", "rgba(0,0,96,0.2)", "rgba(0,0,96,0.2)", "rgba(0,0,96,0.2)", "rgba(0,0,96,0.2)", "rgba(0,0,96,0.2)", "rgba(0,0,96,0.2)", "rgba(0,0,96,0.2)", "rgba(0,0,96,0.2)", "rgba(0,0,96,0.2)", "rgba(0,0,96,0.2)", "rgba(0,0,96,0.2)", "rgba(0,0,96,0.2)", "rgba(0,0,96,0.2)", "rgba(0,0,96,0.2)", "rgba(0,0,96,0.2)", "rgba(0,0,96,0.2)", "rgba(0,0,96,0.2)", "rgba(0,0,96,0.2)", "rgba(0,0,96,0.2)", "rgba(0,0,96,0.2)", "rgba(0,0,96,0.2)", "rgba(0,0,96,0.2)", "rgba(0,0,96,0.2)", "rgba(0,0,96,0.2)", "rgba(0,0,96,0.2)", "rgba(0,0,96,0.2)", "rgba(0,0,96,0.2)", "rgba(0,0,96,0.2)", "rgba(0,0,96,0.2)", "rgba(0,0,96,0.2)", "rgba(0,0,96,0.2)", "rgba(0,0,96,0.2)", "rgba(0,0,96,0.2)", "rgba(0,0,96,0.2)", "rgba(0,0,96,0.2)", "rgba(0,0,96,0.2)", "rgba(0,0,96,0.2)", "rgba(0,0,96,0.2)", "rgba(0,0,96,0.2)", "rgba(0,0,96,0.2)", "rgba(0,0,96,0.2)", "rgba(0,0,96,0.2)", "rgba(0,0,96,0.2)", "rgba(0,0,96,0.2)"], "link_labels": ["", "", "", "", "", "", "", "", "", "", "", "", "", "", "", "", "", "", "", "", "", "", "", "", "", "", "", "", "", "", "", "", "", "", "", "", "", "", "", "", "", "", "", "", "", "", "", "", "", "", "", "", "", "", "", "", "", "", "", "", "", "", "", "", "", "", ""]}